text,sponsored_keywords_count,positive_bias_keywords,external_links_count,text_length_log,most_common_word_freq_ratio,price_mentions,first_person_ratio,lexical_diversity_ratio,noun_ratio,sentiment_score,sponsored_position_ratio,special_exclamation,has_shopping_link,image_density_log,image_count,is_ad
"본 포스팅은 업체로부터 소정의 원고료를 제공받아 작성되었습니다.
 
 
요즘 집안일 중 가장 손이 많이 가는 건 역시 청소 같은데요~
아이가 있다 보니 머리카락, 반려동물 털,
음식 부스러기까지 바닥에 수시로 떨어져 있어서
하루에도 몇 번씩 청소하게 되는 것 같아요.
 
먼지는 흡입기로, 바닥 닦는 건 물걸레로 따로 해야 하니
번거롭고 시간도 오래 걸렸는데요.
 
 
결국 고민 끝에 무선 로봇청소기
드리미 X50s Pro Ultra를 사용하게 됐습니다.
하나로 먼지 흡입부터 물걸레질까지 자동으로 해주니까
청소가 정말 간편해졌고, 무엇보다 살림 스트레스가
줄어들어서 너무 만족 중이에요 :)
 
'왜 이제야 샀을까' 싶을 정도로
요즘은 로봇청소기에 맡기고
저는 여유롭게 시간을 보내고 있답니다!
어떤 제품인지 바로 소개해볼게요!
 
 
1. 어디든지 자유롭게! 장애물 넘나드는 스마트함
 
드리미 X50s Pro Ultra는
이름부터 강력한 느낌이 드는 무선 로봇청소기예요.
가장 먼저 눈에 띈 건 바로 Pro-Leap™ 기술!
최대 6cm까지 문턱을 넘을 수 있어서
여러 방을 왔다 갔다 청소할 때 정말 유용했구요
 
 
또한 Versalift™ 내비게이션 덕분에
높이가 낮은 공간(최소 89mm)도 무리 없이 청소해줘서,
가구 밑 청소까지 완벽하게 가능하답니다~
 
 
삼중 휠 AgiLift™ 시스템은 카펫 위를 지날 때
서스펜션을 조절해 엉킴 없이 매끄럽게 움직여요.
그래서 러그나 두툼한 카펫이 있는 공간에서도
무선 로봇청소기의 성능을 제대로 느낄 수 있었어요.
 
여기에 더해 사물 인식 능력도 정말 뛰어나요.
일반적인 물건은 물론이고, 케이블이나
반려동물의 장난감처럼 크기가 작고
복잡한 물체도 정확히 피해서
움직이니까 안심하고 사용할 수 있습니다.
 
 
2. 강력한 흡입력과 조용한 청소
 
무엇보다 감탄한 건 25,000pa의 초강력 흡입력이에요!
2025년 5월 기준 국내 출시 제품 중 최고 수준이라는데,
실제 사용해보면 정말 먼지 하나 남김없이
싹 빨아들이는 걸 느낄 수 있는데요.
 
 
엉킴방지 듀오브러시는 넓은 면적을 커버하면서도,
최대 30cm 머리카락이나 털이 엉키지 않게 정리해주고
조절식 압력 챔버 덕분에 바닥 사이사이
먼지까지 싹 청소해줘요.
게다가 소음도 낮아서 밤에도
부담 없이 사용할 수 있었습니다!
 
저희 집처럼 아이가 있는 경우,
청소기 소리에 예민할 수도 있는데
이 제품은 조용해서 수면 시간에도
전혀 방해되지 않았어요.
 
 
3. 물걸레 청소도 진화했어요!
 
온수 물걸레 청소 기능은 40도 온기를 머금은 물걸레 패드로
기름기 있는 얼룩도 쉽게 제거되더라고요.
여기에 열풍 건조까지 되니 위생적으로도 안심인데요~!
 
 
물걸레 패드를 온수로 적신 뒤,
표면 온도를 100도 고온 세척으로 깨끗하게 닦아주니까~
더 뽀송하고 쾌적한 느낌이 들었습니다 ^^
AceClean™ DryBoard는 물걸레 세척까지 깔끔하게 도와줘서,
얼룩 제거율도 99.9%에 달하더라고요!
 
 
듀얼 옴니 스크럽 걸레 패드는 360도 전방향으로 회전하면서 울퉁불퉁하거나
곡면이 많은 바닥까지 완벽하게 청소해주는데
바닥 형태에 상관없이 만족스러운 청소 결과를 보여줬어요.
 
 
4. 반려동물 있는 집이라면 더욱 추천!
 
저희 집 강아지도 이젠 청소기를 피해 다니지 않고,
오히려 관심을 가지더라고요~!
 
 
반려동물 케어 4.0 시스템이 특히 인상 깊었는데요.
 
- 반려동물 브이로그 자동생성
- 활동영역에 따라 맞춤 케어
- 배변패드 걸림 방지
- 자동 검색 및 스냅모드 등 다양한 기능들
 
 
게다가 DToF 센서로 케이블이나 배변패드도
정확히 인식해서 더 이상 로봇청소기와 부딪히는 일이 없고,
UV 살균 기능까지 있어 위생적으로도 안심이었습니다.
 
100일간 유지 가능한 자동관리 시스템,
듀얼 세정제 시스템, AI 기반 CleanGenius 3.0까지
정말 똑똑하고 편리한 무선 로봇청소기였어요.
 
 
총평하자면, 무선 로봇청소기의 끝판왕이라고 해도
과언이 아닌 드리미 X50s Pro Ultra!
디자인도 군더더기 없이 세련돼서
집 안 어느 공간에 두어도 인테리어를
해치지 않고 자연스럽게 어우러진답니다!
 
 
매일매일 청소 스트레스에서 해방되고 싶은 분들께
정말 추천드리고 싶어요. 이제는 청소를 맡기고,
저만의 시간을 여유롭게 보내보세요 :)",,,,,,,,,,,,,,,15,1
"본 포스팅은 업체로부터 소정의 원고료를 제공받아 작성되었습니다.
 
 
요즘 집안일 중 가장 손이 많이 가는 건 역시 청소 같은데요~
아이가 있다 보니 머리카락, 반려동물 털,
음식 부스러기까지 바닥에 수시로 떨어져 있어서
하루에도 몇 번씩 청소하게 되는 것 같아요.
 
먼지는 흡입기로, 바닥 닦는 건 물걸레로 따로 해야 하니
번거롭고 시간도 오래 걸렸는데요.
 
 
결국 고민 끝에 무선 로봇청소기
드리미 X50s Pro Ultra를 사용하게 됐습니다.
하나로 먼지 흡입부터 물걸레질까지 자동으로 해주니까
청소가 정말 간편해졌고, 무엇보다 살림 스트레스가
줄어들어서 너무 만족 중이에요 :)
 
'왜 이제야 샀을까' 싶을 정도로
요즘은 로봇청소기에 맡기고
저는 여유롭게 시간을 보내고 있답니다!
어떤 제품인지 바로 소개해볼게요!
 
 
1. 어디든지 자유롭게! 장애물 넘나드는 스마트함
 
드리미 X50s Pro Ultra는
이름부터 강력한 느낌이 드는 무선 로봇청소기예요.
가장 먼저 눈에 띈 건 바로 Pro-Leap™ 기술!
최대 6cm까지 문턱을 넘을 수 있어서
여러 방을 왔다 갔다 청소할 때 정말 유용했구요
 
 
또한 Versalift™ 내비게이션 덕분에
높이가 낮은 공간(최소 89mm)도 무리 없이 청소해줘서,
가구 밑 청소까지 완벽하게 가능하답니다~
 
 
삼중 휠 AgiLift™ 시스템은 카펫 위를 지날 때
서스펜션을 조절해 엉킴 없이 매끄럽게 움직여요.
그래서 러그나 두툼한 카펫이 있는 공간에서도
무선 로봇청소기의 성능을 제대로 느낄 수 있었어요.
 
여기에 더해 사물 인식 능력도 정말 뛰어나요.
일반적인 물건은 물론이고, 케이블이나
반려동물의 장난감처럼 크기가 작고
복잡한 물체도 정확히 피해서
움직이니까 안심하고 사용할 수 있습니다.
 
 
2. 강력한 흡입력과 조용한 청소
 
무엇보다 감탄한 건 25,000pa의 초강력 흡입력이에요!
2025년 5월 기준 국내 출시 제품 중 최고 수준이라는데,
실제 사용해보면 정말 먼지 하나 남김없이
싹 빨아들이는 걸 느낄 수 있는데요.
 
 
엉킴방지 듀오브러시는 넓은 면적을 커버하면서도,
최대 30cm 머리카락이나 털이 엉키지 않게 정리해주고
조절식 압력 챔버 덕분에 바닥 사이사이
먼지까지 싹 청소해줘요.
게다가 소음도 낮아서 밤에도
부담 없이 사용할 수 있었습니다!
 
저희 집처럼 아이가 있는 경우,
청소기 소리에 예민할 수도 있는데
이 제품은 조용해서 수면 시간에도
전혀 방해되지 않았어요.
 
 
3. 물걸레 청소도 진화했어요!
 
온수 물걸레 청소 기능은 40도 온기를 머금은 물걸레 패드로
기름기 있는 얼룩도 쉽게 제거되더라고요.
여기에 열풍 건조까지 되니 위생적으로도 안심인데요~!
 
 
물걸레 패드를 온수로 적신 뒤,
표면 온도를 100도 고온 세척으로 깨끗하게 닦아주니까~
더 뽀송하고 쾌적한 느낌이 들었습니다 ^^
AceClean™ DryBoard는 물걸레 세척까지 깔끔하게 도와줘서,
얼룩 제거율도 99.9%에 달하더라고요!
 
 
듀얼 옴니 스크럽 걸레 패드는 360도 전방향으로 회전하면서 울퉁불퉁하거나
곡면이 많은 바닥까지 완벽하게 청소해주는데
바닥 형태에 상관없이 만족스러운 청소 결과를 보여줬어요.
 
 
4. 반려동물 있는 집이라면 더욱 추천!
 
저희 집 강아지도 이젠 청소기를 피해 다니지 않고,
오히려 관심을 가지더라고요~!
 
 
반려동물 케어 4.0 시스템이 특히 인상 깊었는데요.
 
- 반려동물 브이로그 자동생성
- 활동영역에 따라 맞춤 케어
- 배변패드 걸림 방지
- 자동 검색 및 스냅모드 등 다양한 기능들
 
 
게다가 DToF 센서로 케이블이나 배변패드도
정확히 인식해서 더 이상 로봇청소기와 부딪히는 일이 없고,
UV 살균 기능까지 있어 위생적으로도 안심이었습니다.
 
100일간 유지 가능한 자동관리 시스템,
듀얼 세정제 시스템, AI 기반 CleanGenius 3.0까지
정말 똑똑하고 편리한 무선 로봇청소기였어요.
 
 
총평하자면, 무선 로봇청소기의 끝판왕이라고 해도
과언이 아닌 드리미 X50s Pro Ultra!
디자인도 군더더기 없이 세련돼서
집 안 어느 공간에 두어도 인테리어를
해치지 않고 자연스럽게 어우러진답니다!
 
 
매일매일 청소 스트레스에서 해방되고 싶은 분들께
정말 추천드리고 싶어요. 이제는 청소를 맡기고,
저만의 시간을 여유롭게 보내보세요 :)",,,,,,,,,,,,,,,15,1
